Github repo address, Malicious or not
https://github.com/00NoisyMime00/Tick-Tac-Toe,FALSE
https://github.com/0is1/dgclr,FALSE
https://github.com/0x000cb/otc,FALSE
https://github.com/0xb4lamx/nestjs-boilerplate-microservice,FALSE
https://github.com/100-0-10/test,FALSE
https://github.com/1000in1/note,FALSE
https://github.com/101Loop/drf-addons,FALSE
https://github.com/10maurycy10/world-sim,FALSE
https://github.com/1-2020almacen/almacen-client,FALSE
https://github.com/1333481repo/1333481repo.github.io,FALSE
https://github.com/1522402210/RRWallet,FALSE
https://github.com/1715173329/castle-Typecho-Theme,FALSE
https://github.com/1715173329/lede,FALSE
https://github.com/1846689910/type-18-hek,FALSE
https://github.com/18F/identity-site,FALSE
https://github.com/18F/ux-guide,FALSE
https://github.com/18Roderick/DasLearn,FALSE
https://github.com/18Roderick/petlink-api,FALSE
https://github.com/1hakr/AnExplorer,FALSE
https://github.com/1izard/dark-calculator,FALSE
https://github.com/1ziton/socket-sdk,FALSE
https://github.com/2002-feb24-net/anthony_project1,FALSE
https://github.com/2002-uta-java/project2-luscious-locks-frontend,FALSE
https://github.com/2003tech/2003page.ga,FALSE
https://github.com/200MPH/tnt,FALSE
https://github.com/200ok-ch/organice,FALSE
https://github.com/20172104252/game1,FALSE
https://github.com/2020-1-Selfcash/Docs,FALSE
https://github.com/2110423-2019-2/sec3_RoomScrum-Back-End-,FALSE
https://github.com/21baki/projet-film,FALSE
https://github.com/21cmfast/21cmFAST,FALSE
https://github.com/2400757n/ourplace_project,FALSE
https://github.com/2729StormRobotics/StormAppUser2020,FALSE
https://github.com/2dom/PxMatrix,FALSE
https://github.com/2factorauth/twofactorauth,FALSE
https://github.com/2kyeonwoo/algorithm-101,FALSE
https://github.com/2martens/chaos-dating,FALSE
https://github.com/2oh8/mt-solutions-build,FALSE
https://github.com/2sheds/alpine-homeassistant,FALSE
https://github.com/3b1b/manim,FALSE
https://github.com/3F/MvsSln,FALSE
https://github.com/3ilson/pfelk,FALSE
https://github.com/3r1co/kubernetes-workflow,FALSE
https://github.com/3slab/saml-proxy,FALSE
https://github.com/40818419/vue-router-sitemap,FALSE
https://github.com/410814228/github-pages-with-jekyll,FALSE
https://github.com/410814228/intro-html,FALSE
https://github.com/42BV/ui,FALSE
https://github.com/42wim/matterbridge,FALSE
https://github.com/439125071/marwan,FALSE
https://github.com/46bit/rtt,FALSE
https://github.com/49e94b8f256530dc0d41f740dfe8a4c1/ping-pong,FALSE
https://github.com/4Catalyzer/cli,FALSE
https://github.com/4Catalyzer/graphql-subscription-server,FALSE
https://github.com/4Catalyzer/javascript,FALSE
https://github.com/4Catalyzer/layout,FALSE
https://github.com/4Catalyzer/webpack-plugin-unpolyfill,FALSE
https://github.com/4ian/GDevelop,FALSE
https://github.com/53seven/d3-example-bar-chart-plugin,FALSE
https://github.com/5app/base5-ui,FALSE
https://github.com/6fstudios/dumpster,FALSE
https://github.com/7sDream/fontfor,FALSE
https://github.com/7sDream/which_fonts_support,FALSE
https://github.com/82B8028C5E6241448DF3A90F30E1A624/data-structure,FALSE
https://github.com/839Studio/Novel-Coronavirus-Updates,FALSE
https://github.com/878852359/AFCoverView,FALSE
https://github.com/8ivek/companies_api,FALSE
https://github.com/8Jun/MSBX5420_Spring2020,FALSE
https://github.com/8thwall/tensorflow,FALSE
https://github.com/96imranahmed/96imranahmed,FALSE
https://github.com/978924688/VS-code-C,FALSE
https://github.com/99designs/aws-vault,FALSE
https://github.com/99xt/serverless-dynamodb-local,FALSE
https://github.com/9crk/mget,FALSE
https://github.com/9renpoto/auto-cookie,FALSE
https://github.com/9terz/roguard-scraper,FALSE
https://github.com/a0x8o/drill,FALSE
https://github.com/A3Wasteland/ArmA3_Wasteland.Altis,FALSE
https://github.com/a49594a/a-world-issues,FALSE
https://github.com/a801-luadev/parkour,FALSE
https://github.com/aadharna/UntouchableThunder,FALSE
https://github.com/AakashSudhakar/tweet-generator,FALSE
https://github.com/aamini/introtodeeplearning,FALSE
https://github.com/aapclark/qualityhub-be,FALSE
https://github.com/aaronjparsons/eftfg,FALSE
https://github.com/aaron-kane-w/javascript-workbook,FALSE
https://github.com/AaronMOliver/Book-lover-project,FALSE
https://github.com/aaronshivers/four-cards,FALSE
https://github.com/aav789/Competitive-Programming,FALSE
https://github.com/abegilerova/react-weather-app,FALSE
https://github.com/abelarif/abelarif.github.io,FALSE
https://github.com/AbelBoot/drone,FALSE
https://github.com/Abeseba/k,FALSE
https://github.com/abeyasumasa/OWARAIMOVE,FALSE
https://github.com/ABGEO07/stalin-lists,FALSE
https://github.com/abhijeetkumar193/SeleniumNewFramework,FALSE
https://github.com/abhipanda/accessible-datepicker,FALSE
https://github.com/abhishekm47/quantamix-repo,FALSE
https://github.com/abhisheksreesaila/blog,FALSE
https://github.com/abhitheawesomecoder/testing123,FALSE
https://github.com/abinit/abitutorials,FALSE
https://github.com/abkanal/sample,FALSE
https://github.com/ablink4/ConnectFour,FALSE
https://github.com/abo-abo/swiper,FALSE
https://github.com/aBooDyy/ItemManager,FALSE
https://github.com/abraganu/frontend-gatitos,FALSE
https://github.com/abraunegg/onedrive,FALSE
https://github.com/ABuffSeagull/eslint-import-resolver-parcel,FALSE
https://github.com/abvr1845/code,FALSE
https://github.com/AcademySoftwareFoundation/OpenColorIO,FALSE
https://github.com/AcademyTLV/covid-19,FALSE
https://github.com/Acadia-Team/Project-Greenfield,FALSE
https://github.com/acambas/my_ser_starter,FALSE
https://github.com/acanda/ai-open-machine-learning-course,FALSE
https://github.com/acba/elm,FALSE
https://github.com/acceleratedmaterials/NUS_AMDworkshop,FALSE
https://github.com/accessibilitysupported/a11ysupport.io,FALSE
https://github.com/acdh-oeaw/veh,FALSE
https://github.com/AceCoooool/LEDNet,FALSE
https://github.com/Achaaab/Bragi,FALSE
https://github.com/achaparro/liferay-portal,FALSE
https://github.com/acheronfail/i3-plasma-integration,FALSE
https://github.com/AchmadHafid/FirebaseAuthViewModel,FALSE
https://github.com/AchmadHafid/IgnorableObserver,FALSE
https://github.com/aCluelessDanny/typora-theme-ursine,FALSE
https://github.com/acmday/acmday-dubbo,FALSE
https://github.com/ACollings01/Team-Aqua-Project,FALSE
https://github.com/acquia/df,FALSE
https://github.com/actesrun/appcenter-alerting-test-prod,FALSE
https://github.com/actiongeek/symfonyexpose,FALSE
https://github.com/actionhero/www.actionherojs.com,FALSE
https://github.com/actions/cache,FALSE
https://github.com/actions-hub/gcloud,FALSE
https://github.com/actionsx/test,FALSE
https://github.com/activeguild/grpc-mocky,FALSE
https://github.com/Actlogy/Actlogy,FALSE
https://github.com/Ada-C12/stacks-queues,FALSE
https://github.com/Ada-C13/slack-cli-reflection,FALSE
https://github.com/AdaCore/gnatdashboard,FALSE
https://github.com/Ada-Developers-Academy/textbook-curriculum,FALSE
https://github.com/adafruit/Adafruit_BNO055,FALSE
https://github.com/adafruit/Adafruit_CircuitPython_Bitmap_Font,FALSE
https://github.com/adafruit/Adafruit_TLC5947,FALSE
https://github.com/adafruit/circuitpython,FALSE
https://github.com/adafruit/seesaw,FALSE
https://github.com/adagio/alerta-hogar,FALSE
https://github.com/adalek/Circles,FALSE
https://github.com/adamingwersen/LSTweetMachine,FALSE
https://github.com/adamkl/cloud-foundry-config-client,FALSE
https://github.com/adamlaska/magento,FALSE
https://github.com/adamlaska/PrizmCore,FALSE
https://github.com/adamsteinPosting/bang-redact,FALSE
https://github.com/adamtheturtle/requests-mock-flask,FALSE
https://github.com/AdamVig/personal-metrics,FALSE
https://github.com/adaptable-org/adaptable,FALSE
https://github.com/AdarshNandanwar/AUGSD_time_table_project,FALSE
https://github.com/adavijit/BlogMan,FALSE
https://github.com/adays1234/ProffieOS,FALSE
https://github.com/addy-dclxvi/gtk-theme-collections,FALSE
https://github.com/adenysenko/q,FALSE
https://github.com/adfernandes/COVID-19,FALSE
https://github.com/adfinis-sygroup/semantic-release-config,FALSE
https://github.com/AdguardTeam/AdguardForiOS,FALSE
https://github.com/adi727/biodiversity-app,FALSE
https://github.com/adilzeshan/adil,FALSE
https://github.com/adimon91/OSUSpring20Hackathon,FALSE
https://github.com/adjayanbaeva/MadMoney,FALSE
https://github.com/Admin-Linux/rathena-pt-br,FALSE
https://github.com/admin-shell/aasx-package-explorer,FALSE
https://github.com/AdmiringWorm/Wexflow,FALSE
https://github.com/admmasters/eidolon,FALSE
https://github.com/adobe/adobe-api-client-decisioning,FALSE
https://github.com/adobe/adobe-fetch,FALSE
https://github.com/Adorable-Catgirl/Zorya-NEO,FALSE
https://github.com/adorade/startit,FALSE
https://github.com/adrianblynch/europeanstar,FALSE
https://github.com/adrianhuebner/JavaExercises,FALSE
https://github.com/adrianjost/SmartLight-API,FALSE
https://github.com/adrianwx1/PyFE,FALSE
https://github.com/adriens/emploi-nc-app,FALSE
https://github.com/adrienverge/openfortivpn,FALSE
https://github.com/adumortier/mod3_rails_engine,FALSE
https://github.com/aduterte/test-blog,FALSE
https://github.com/Adyen/adyen-oracle-commerce-cloud,FALSE
https://github.com/aehrc/pathling,FALSE
https://github.com/Aeickelman40/whats-cookin-starter-kit,FALSE
https://github.com/aekalex/COVID-19,FALSE
https://github.com/aekrops/Java_Labs_IoT,FALSE
https://github.com/AeliusSaionji/chocopkgs,FALSE
https://github.com/aemendes/chat-app-react,FALSE
https://github.com/aemodular/GRAINS,FALSE
https://github.com/aereal/cdk-mackerel-container-agent,FALSE
https://github.com/aerogear/graphback,FALSE
https://github.com/aerogear/unifiedpush-admin-ui,FALSE
https://github.com/aerospike/aerospike-prometheus-exporter,FALSE
https://github.com/aesop/aesop-gel,FALSE
https://github.com/afarahmojilo/fish-shell,FALSE
https://github.com/afonasev/context_logging,FALSE
https://github.com/afonasev/debts,FALSE
https://github.com/afonasev/flake8-return,FALSE
https://github.com/agda/agda-categories,FALSE
https://github.com/agence-webup/laravel-skeleton,FALSE
https://github.com/agenda/agenda,FALSE
https://github.com/agent8/Mailspring,FALSE
https://github.com/agile-alliance-brazil/aa-service-bus,FALSE
https://github.com/AGJackie/volantis-docs,FALSE
https://github.com/AgoraIO/Basic-Video-Call,FALSE
https://github.com/Agoric/agoric-sdk,FALSE
https://github.com/agranium/jamc,FALSE
https://github.com/agreco/spiel,FALSE
https://github.com/agritheory/edgewise,FALSE
https://github.com/AG-Systems/AG-Systems.github.io,FALSE
https://github.com/AgussRoel/hello-world,FALSE
https://github.com/AhadCove/smack-cove,FALSE
https://github.com/ahead123/Bookmarks_Rails,FALSE
https://github.com/ahinh43/tonk,FALSE
https://github.com/ahlusar1989/ga-ruby-on-rails-for-devs,FALSE
https://github.com/AhmadHatziq/FlexsimController,FALSE
https://github.com/ahmadwali-zadron/RTD-rider-alerts,FALSE
https://github.com/ahmdrz/goinsta,FALSE
https://github.com/ahmedatef00/PushnPull-learning-,FALSE
https://github.com/ahmednkhan24/Node-API-to-DockerHub,FALSE
https://github.com/ahmedsleem8000/Corona,FALSE
https://github.com/AhnLab-OSS/mmlspark,FALSE
https://github.com/aholife/ly,FALSE
https://github.com/ahoraquesinosven/api-website,FALSE
https://github.com/ai/nanoid,FALSE
https://github.com/aiden/autosnaps,FALSE
https://github.com/Aiden128/firefighter,FALSE
https://github.com/AidHamza/covid-cache-worker,FALSE
https://github.com/ai-girls/dev-to-posts,FALSE
https://github.com/Aimee-Blue/ts-deps,FALSE
https://github.com/AInoob/NooBoss,FALSE
https://github.com/airavata-courses/Noodle,FALSE
https://github.com/airavata-courses/Squadron,FALSE
https://github.com/airblade/vim-gitgutter,FALSE
https://github.com/airbnb/react-with-styles,FALSE
https://github.com/airdenis/restaurantmenu,FALSE
https://github.com/airsonic-advanced/airsonic-advanced,FALSE
https://github.com/AirtestProject/Poco,FALSE
https://github.com/aivantg/airtable-schema-generator,FALSE
https://github.com/Aivydb21/Dish,FALSE
https://github.com/aiyuni/COMP4911WebApi,FALSE
https://github.com/AizenSousuke/DotNetCoreReactREST,FALSE
https://github.com/ajafff/tsutils,FALSE
https://github.com/ajeldorado/falco-matlab,FALSE
https://github.com/ajermakovics/eclipse-instasearch,FALSE
https://github.com/ajharulabedeen/alumni,FALSE
https://github.com/ajkachnic/url-short,FALSE
https://github.com/ajsuth/Ajsuth.Foundation.Views.Engine,FALSE
https://github.com/ajtorres9/andrewjtorr.es,FALSE
https://github.com/ajtorres9/forge,FALSE
https://github.com/ajzeller/now-github-starter,FALSE
https://github.com/ajzeller/zellerio_gatsby,FALSE
https://github.com/ak1132/Food-Nutrition-AR-Game,FALSE
https://github.com/akaashsidhu/Skin-Cancer-Classification,FALSE
https://github.com/akadop/gatsby,FALSE
https://github.com/AkashGS/AWS-AI-Challenege,FALSE
https://github.com/AkashGS/IBM-Hack-Challenege,FALSE
https://github.com/akherlan/dataset,FALSE
https://github.com/akka/akka,FALSE
https://github.com/akka/akka-grpc,FALSE
https://github.com/akka/alpakka,FALSE
https://github.com/akmt14/street-view-house-numbers-using-CNN,FALSE
https://github.com/aknikov/Tohru-AIO,FALSE
https://github.com/akram/okhttp,FALSE
https://github.com/akram/service-binding-operator,FALSE
https://github.com/Akryum/vue-virtual-scroller,FALSE
https://github.com/aksarkar/scqtl,FALSE
https://github.com/akshaayrana/airliv,FALSE
https://github.com/AKSHAYUBHAT/DeepVideoAnalytics,FALSE
https://github.com/akulubala/vue-product-zoomer,FALSE
https://github.com/akveo/nebular,FALSE
https://github.com/akveo/ng2-smart-table,FALSE
https://github.com/Alan-delete/Well-known,FALSE
https://github.com/alanmxll/restapi-crud-with-login-auth,FALSE
https://github.com/alanraison/planalan,FALSE
https://github.com/alastairrushworth/inspectdf,FALSE
https://github.com/Albatrosso/umed-front,FALSE
https://github.com/albertfuente/coronaApi,FALSE
https://github.com/albertlauncher/albert,FALSE
https://github.com/AlbertLin1812501/ICT638Assessment2task3,FALSE
https://github.com/albertsanchezf/SimRaNN_Training,FALSE
https://github.com/albfan/miraclecast,FALSE
https://github.com/albfernandez/commons-httpclient-3,FALSE
https://github.com/alchemyst/Skogestad-Python,FALSE
https://github.com/alchen99/test-infra,FALSE
https://github.com/alecjmaly/SharePoint-JSON-Helper,FALSE
https://github.com/AlejandroFuertes/FuncionesVectorHeaders,FALSE
https://github.com/AlejandroGilVelez/Invie-github-Alejo,FALSE
https://github.com/alejandrosilva-bot/heroes,FALSE
https://github.com/alejandrotoro/ticket_app_fe,FALSE
https://github.com/aleksalukac/sims-proj,FALSE
https://github.com/AleksanderObuchowski/Zakupy-dla-seniora-SMS,FALSE
https://github.com/alencarlucas/graphql-parse-server-auth-page,FALSE
https://github.com/alericfd/Aula03,FALSE
https://github.com/Alessandro100/concordia-campus-guide,FALSE
https://github.com/alessbell/alessbell,FALSE
https://github.com/alessbell/blameless-retros,FALSE
https://github.com/alessbell/sketchbook,FALSE
https://github.com/AlessioDP/Parties,FALSE
https://github.com/aletheia7/sd,FALSE
https://github.com/aleventhal/aria-annotations,FALSE
https://github.com/alex3dbros/ICUVent,FALSE
https://github.com/alexa/avs-device-sdk,FALSE
https://github.com/alexandar1000/ADA,FALSE
https://github.com/alexanderglueck/url-pusher,FALSE
https://github.com/alexanderrud/Organizer,FALSE
https://github.com/alexandre1811/testdeploimentsymfony,FALSE
https://github.com/AlexandreBujold/BalloonRide,FALSE
https://github.com/alexandriagroup/fnapy,FALSE
https://github.com/Alex-At-Home/cbb-on-off-analyzer,FALSE
https://github.com/alex-bellon/dotfiles,FALSE
https://github.com/alex-bellon/ricing-resources,FALSE
https://github.com/alexdebril/rss-atom-bundle,FALSE
https://github.com/alexdeeguz/WatchuWant,FALSE
https://github.com/AlexFerreras/Streereports_control,FALSE
https://github.com/AlexisFigueroaDev/aplicacion-colas,FALSE
https://github.com/AlexJBM/my-demo,FALSE
https://github.com/alexjmitchell/teamwork,FALSE
https://github.com/alexjoverm/typescript-library-starter,FALSE
https://github.com/alexmakeresponsive/web.react.express.boilerpalte.m,FALSE
https://github.com/AlexMVUA/NodeJS-Training,FALSE
https://github.com/alexneamtu/risc-seismic-bucuresti-web,FALSE
https://github.com/alexodle/vitamind,FALSE
https://github.com/alex-patterson-webdev/container-array,FALSE
https://github.com/Alexpux/MSYS2-pacman,FALSE
https://github.com/AlexsLemonade/OpenPBTA-analysis,FALSE
https://github.com/alexssandroos/dsa_learning,FALSE
https://github.com/alexwilliams0712/Blue_Trading,FALSE
https://github.com/alexzqc/StockIOS,FALSE
https://github.com/alfinsuryaS/react-ts-cheatsheet,FALSE
https://github.com/alfredortega/nblife-laravel,FALSE
https://github.com/algernon-A/Ploppable-RICO-Revisited,FALSE
https://github.com/algol007/arkademy-week2,FALSE
https://github.com/algorand/go-algorand,FALSE
https://github.com/algorithm006-class02/algorithm006-class02,FALSE
https://github.com/algorithm007-class01/algorithm007-class01,FALSE
https://github.com/Alheimsins/svarut-wip,FALSE
https://github.com/alibaba/fish-redux,FALSE
https://github.com/alibaba/pipcook,FALSE
https://github.com/alibaba/Sentinel,FALSE
https://github.com/alibaba/spring-cloud-alibaba,FALSE
https://github.com/Aliceeeee825/alice-song-project-five,FALSE
https://github.com/alice-elix/template_symfony,FALSE
https://github.com/alichtman/shallow-backup,FALSE
https://github.com/alienworks/InteractiveTutorial-Lessons,FALSE
https://github.com/alihoseiny/ngx-persian,FALSE
https://github.com/AliLozano/django-messages-extends,FALSE
https://github.com/alisonmonteiro/blog,FALSE
https://github.com/alitorki2651/flutter_gauge,FALSE
https://github.com/alitunaarel/TranslateApiJs,FALSE
https://github.com/aliyun/alibaba-cloud-sdk-go,FALSE
https://github.com/alkoumi/cheque,FALSE
https://github.com/AllanWang/KAU,FALSE
https://github.com/allbrochard/DISCODE-Projet-CESI-30-03-2020,FALSE
https://github.com/all-contributors/all-contributors-cli,FALSE
https://github.com/allen-n/derms-pwa,FALSE
https://github.com/allenzyd1997/crawler_ping_operator,FALSE
https://github.com/allerH/Https_cloud_encryption,FALSE
https://github.com/alloystorm/dvvr,FALSE
https://github.com/AlloyTeam/eslint-config-alloy,FALSE
https://github.com/AllTheMods/ATM-5,FALSE
https://github.com/allyjarjour/whats-cookin-starter-kit,FALSE
https://github.com/Alonalos/fall-2019-git-practice,FALSE
https://github.com/alpacahq/alpaca-trade-api-python,FALSE
https://github.com/alphaolomi/cms-react,FALSE
https://github.com/alphaolomi/project-in-react,FALSE
https://github.com/alphaolomi/todo-in-react,FALSE
https://github.com/alphapapa/makem.sh,FALSE
https://github.com/alphapeter/fa-svelte,FALSE
https://github.com/alphawerk/vagrant,FALSE
https://github.com/AlphaYou/testing,FALSE
https://github.com/alpheios-project/alpheios-core,FALSE
https://github.com/alpiazza13/soccer-draft,FALSE
https://github.com/Alpine-DAV/vtk-h,FALSE
https://github.com/alqaryan/woodland,FALSE
https://github.com/alshehrie7/markup,FALSE
https://github.com/altdesktop/i3ipc-python,FALSE
https://github.com/Alternative-Markets-Limited/alt-frontend,FALSE
https://github.com/altid/client,FALSE
https://github.com/altid/httpfs,FALSE
https://github.com/altiscope/throwaway-poc-bill-nye,FALSE
https://github.com/altman-44/Links,FALSE
https://github.com/altseed/Altseed2,FALSE
https://github.com/alvarojfjunior/SemanaOmniStack10,FALSE
https://github.com/alv-ch/alv-portal,FALSE
https://github.com/alvinfebriando/expense-tracker-ts,FALSE
https://github.com/alxlu/react-base,FALSE
https://github.com/alxv-oliveira/Rocketseat-Blog,FALSE
https://github.com/aly323/hello-world,FALSE
https://github.com/Alyadanov/dependabot-core,FALSE
https://github.com/AlyssaKirstine/intent-money-web,FALSE
https://github.com/alyssaxuu/animockup,FALSE
https://github.com/amahesh98/Chefmate,FALSE
https://github.com/amalic/nvdocker-folding-home,FALSE
https://github.com/amalkhairin/Auth-Demo,FALSE
https://github.com/Aman-he/-,FALSE
https://github.com/Amanp19/final-project,FALSE
https://github.com/amariniml/dast-api,FALSE
https://github.com/amarofashion/react-credit-cards,FALSE
https://github.com/amasho/parcel-bundler-sandbox,FALSE
https://github.com/amasiero/loja-example-jax-rs,FALSE
https://github.com/AmayaWah/VOREStation,FALSE
https://github.com/Amazing0401/trojan-gfw-script,FALSE
https://github.com/ambienthex/NYU,FALSE
https://github.com/amccloud/storybook-addons-abstract,FALSE
https://github.com/AMDVAT/Web-Server,FALSE
https://github.com/amemiyakr/d_day,FALSE
https://github.com/amenski/covid19-Rest-api,FALSE
https://github.com/amercier/angular-tour-of-heroes,FALSE
https://github.com/amercier/eslint-config-amercier,FALSE
https://github.com/amercier/eslint-config-template,FALSE
https://github.com/amercier/gilded-rose-visitor,FALSE
https://github.com/amercier/nuxt-template,FALSE
https://github.com/americanexpress/jest-image-snapshot,FALSE
https://github.com/americanstone/d2l-zh,FALSE
https://github.com/americanstone/distributed,FALSE
https://github.com/americanstone/intellij-sdk-docs,FALSE
https://github.com/americanstone/jackson-docs,FALSE
https://github.com/americanstone/jaxrs-analyzer,FALSE
https://github.com/americanstone/jekyll,FALSE
https://github.com/americanstone/jodd,FALSE
https://github.com/americanstone/js-assessment,FALSE
https://github.com/americanstone/keycloak,FALSE
https://github.com/americanstone/LiveLessons,FALSE
https://github.com/americanstone/mongo,FALSE
https://github.com/americanstone/node-mongodb-native,FALSE
https://github.com/americanstone/squiggly-java,FALSE
https://github.com/americanstone/translations,FALSE
https://github.com/americanstone/undertow,FALSE
https://github.com/amethyst/amethyst,FALSE
https://github.com/amethyst/rendy,FALSE
https://github.com/ame-yu/blog,FALSE
https://github.com/amguenoun/Sprint-Challenge--Algorithms,FALSE
https://github.com/amille44420/babel-preset,FALSE
https://github.com/amimo/goron,FALSE
https://github.com/amira945/IEEEHSB_main_site,FALSE
https://github.com/amir-arad/typescript-boilerplate-app,FALSE
https://github.com/Amirgav/COVID19-ISRAEL,FALSE
https://github.com/amirziari/new-issue-welcome,FALSE
https://github.com/amitavroy/react-spa-laravel-typescript,FALSE
https://github.com/amitdahan/code-it,FALSE
https://github.com/amitm99/DataStructure_SecondSem_HIT,FALSE
https://github.com/AmitPrajapati-8092/ats_baba,FALSE
https://github.com/amklose/travelr,FALSE
https://github.com/amlane/artsy-fe,FALSE
https://github.com/AmoebeLabs/flex-horseshoe-card,FALSE
https://github.com/Amorim-Rafael/mentoria,FALSE
https://github.com/amosleokim/UVI_deployable,FALSE
https://github.com/ampproject/amphtml,FALSE
https://github.com/AMReX-Astro/MAESTROeX,FALSE
https://github.com/amribrahimshaker/starter-web,FALSE
https://github.com/AMshev/iOSCourcesHW,FALSE
https://github.com/amtrack/sfdx-plugin-auth-url,FALSE
https://github.com/AMU-Code-Squad/food-up,FALSE
https://github.com/amycardoso/retrieval-based-chatbot,FALSE
https://github.com/amymcgovern/pyparrot,FALSE
https://github.com/analogcode/Swift-Radio-Pro,FALSE
https://github.com/AnandChowdhary/fraud,FALSE
https://github.com/AnandChowdhary/hovercard,FALSE
https://github.com/anandnet/Open-Innovation-Geocam,FALSE
https://github.com/Anankke/SSPanel-Uim,FALSE
https://github.com/anantoghosh/gatsby-plugin-purgecss,FALSE
https://github.com/Anas-MI/docmz-videocall,FALSE
https://github.com/AnastasiiSh/flaskk-nmist,FALSE
https://github.com/anaymalpani/ng-cordova,FALSE
https://github.com/anbox/anbox,FALSE
https://github.com/anchan828/nest-cloud-run-pubsub,FALSE
https://github.com/anchan828/nest-commands,FALSE
https://github.com/anchan828/nest-i18n,FALSE
https://github.com/anchan828/nest-lerna-template,FALSE
https://github.com/andersonfernandes/finances-api,FALSE
https://github.com/andmap/my-ts-app,FALSE
https://github.com/andnp/mlts,FALSE
https://github.com/andoriyu/uclicious,FALSE
https://github.com/andorrandeded/secondgame,FALSE
https://github.com/andOTP/andOTP,FALSE
https://github.com/Andr3sdosSantos/be-the-hero,FALSE
https://github.com/andrasta/localization_evaluation,FALSE
https://github.com/AndreaCrotti/yasnippet-snippets,FALSE
https://github.com/andrealmeid/amdgpuinfo,FALSE
https://github.com/AndreaOrru/org-todoist.el,FALSE
https://github.com/andreemidio/higialab,FALSE
https://github.com/andregalastri/galastri-framework,FALSE
https://github.com/AndreiAvram123/Forum-App,FALSE
https://github.com/AndreiCostiv/note-app,FALSE
https://github.com/Andreis3/gobarber,FALSE
https://github.com/AndreiShybin/steem,FALSE
https://github.com/andrejbaran/webpack-run-loader,FALSE
https://github.com/andrejewski/raj-spa,FALSE
https://github.com/andrejewski/raj-subscription,FALSE
https://github.com/andrekolodochka/security-strategy-essentials,FALSE
https://github.com/andreoav/click-outside-hook,FALSE
https://github.com/andresganc/CURSO-React,FALSE
https://github.com/andresjhg88/clima-app-node,FALSE
https://github.com/andresochoa91/practiceredux2,FALSE
https://github.com/AndrewAhr51/Library,FALSE
https://github.com/AndrewCathcart/nestjs-todo,FALSE
https://github.com/andrewdimmer/senior-social-space,FALSE
https://github.com/andrewhnorris/capstone_legaloccupancy,FALSE
https://github.com/andrewmourcos/andrewmourcos.github.io,FALSE
https://github.com/andrewyoo94/Snapper,FALSE
https://github.com/andrijamicic/BookStore,FALSE
https://github.com/android/camera-samples,FALSE
https://github.com/android-police/apkmirror-public,FALSE
https://github.com/andyet/auth.face.camp,FALSE
https://github.com/AndyJayVee/chuck-norris-react,FALSE
https://github.com/AndyJennifer/SimpleEyes,FALSE
https://github.com/aneCrow/Blender_ShaderGenerator,FALSE
https://github.com/aneme1038/hope-sundays,FALSE
https://github.com/anfegagra/sfg-pet-clinic,FALSE
https://github.com/anganti/jamstack-demo,FALSE
https://github.com/angelolab/segmentation,FALSE
https://github.com/angelRacancoj/Almacen-Muchas-Cosas,FALSE
https://github.com/AngkanaNam/nam,FALSE
https://github.com/angrybacon/doomsday-wiki,FALSE
https://github.com/ANGSD/angsd,FALSE
https://github.com/angular/angular-cli,FALSE
https://github.com/angular/vscode-ng-language-service,FALSE
https://github.com/angular-material-extensions/calendar,FALSE
https://github.com/angular-material-extensions/link-preview,FALSE
https://github.com/angular-redux/platform,FALSE
https://github.com/Angular-RU/angular-universal-starter,FALSE
https://github.com/anhaley/capstone,FALSE
https://github.com/anhtm/python-data-structures-clrs,FALSE
https://github.com/anilibria/anilibria-docker,FALSE
https://github.com/anilsapkota/Back-End,FALSE
https://github.com/animesh-banik/Maven_Project,FALSE
https://github.com/anirudh83/spark,FALSE
https://github.com/anishathalye/dotbot,FALSE
https://github.com/anisioboreli/Deep-Learning,FALSE
https://github.com/Anitt/Chatbot_WebServiceCall,FALSE
https://github.com/ankidroid/Anki-Android,FALSE
https://github.com/ankit-75/mysite,FALSE
https://github.com/ankitkhanna304/Anomaly-Detection-Dashboard,FALSE
https://github.com/AnkitVig/Bug-Tracking-System,FALSE
https://github.com/an-lee/mixin_bot,FALSE
https://github.com/anlutro/laravel-settings,FALSE
https://github.com/Anna118690/ProjectAnna,FALSE
https://github.com/Annabets/tattoo4u,FALSE
https://github.com/anna-boeva-mf/python,FALSE
https://github.com/annaked/ExpressEntryCalculator,FALSE
https://github.com/AnnDor/proect2.0,FALSE
https://github.com/Anne-BB/DENMARK-lvostroke,FALSE
https://github.com/anniyanvr/blade-tool,FALSE
https://github.com/anniyanvr/components,FALSE
https://github.com/anniyanvr/demo-scene,FALSE
https://github.com/anniyanvr/light-4j,FALSE
https://github.com/anniyanvr/n8n,FALSE
https://github.com/anniyanvr/obs-studio,FALSE
https://github.com/anniyanvr/pulumi,FALSE
https://github.com/annsters/live-store,FALSE
https://github.com/annu12340/DeepPixel,FALSE
https://github.com/ansible/awx,FALSE
https://github.com/ansible-collections/kubernetes,FALSE
https://github.com/AnsiMail/AnsiMail,FALSE
https://github.com/antcroshaw/archeryv3,FALSE
https://github.com/ant-design/ant-design,FALSE
https://github.com/ant-design/codemod-v4,FALSE
https://github.com/AntennaHouse/pdf5-ml,FALSE
https://github.com/anteprimorac/vscode-html-end-tag-labels,FALSE
https://github.com/antfu/ts-node-starter,FALSE
https://github.com/Anthony8729/Gameofthrones.,FALSE
https://github.com/anthonyblanchettepotvin/temple_escape,FALSE
https://github.com/Anthony-B-Russo10/Celestia-Archive,FALSE
https://github.com/AnthonyNahas/my-page,FALSE
https://github.com/anthonyponzio1992/secret_drywall_site,FALSE
https://github.com/anthturner/AuthJanitor,FALSE
https://github.com/antirez/redis-doc,FALSE
https://github.com/antiscam-ico/linux,FALSE
https://github.com/antmednik/2019-11-otus-spring-mednikov,FALSE
https://github.com/antokara/spsa.church,FALSE
https://github.com/Anton1o-I/scoreScraper,FALSE
https://github.com/antonioG4/library8,FALSE
https://github.com/antonioOrtiz/hillfinder,FALSE
https://github.com/AntonioVladimir/Entorno,FALSE
https://github.com/anton-petrunin/test,FALSE
https://github.com/AntonyLeons/blog.leons.dev,FALSE
https://github.com/ANTsX/ANTs,FALSE
https://github.com/antvis/wx-f2,FALSE
https://github.com/anty-filidor/covidout,FALSE
https://github.com/Anu1601CS/flex-originals,FALSE
https://github.com/Anuken/Mindustry,FALSE
https://github.com/anup-h/PolarBears,FALSE
https://github.com/anuragsoni/routes,FALSE
https://github.com/anvilproject/anvil-portal,FALSE
https://github.com/anxgang/anxgang.github.io,FALSE
https://github.com/Anywhere-Fitness-Danny/Front-End,FALSE
https://github.com/anz-bank/sysl,FALSE
https://github.com/aoitech/kobu,FALSE
https://github.com/Aokitakeshi0721/chat-space,FALSE
https://github.com/ao-libre/ao-cliente,FALSE
https://github.com/aonawale/cards-against-humanity,FALSE
https://github.com/aorzh/shopstyle_api,FALSE
https://github.com/aosp-mirror/platform_frameworks_base,FALSE
https://github.com/apache/airflow-on-k8s-operator,FALSE
https://github.com/apache/camel-quarkus,FALSE
https://github.com/apache/cordova-plugin-statusbar,FALSE
https://github.com/apache/couchdb,FALSE
https://github.com/apache/flink,FALSE
https://github.com/apache/geode-native,FALSE
https://github.com/apache/hadoop,FALSE
https://github.com/apache/hbase,FALSE
https://github.com/apache/incubator-iotdb,FALSE
https://github.com/apache/incubator-nuttx-apps,FALSE
https://github.com/apache/libcloud,FALSE
https://github.com/apache/nifi-minifi-cpp,FALSE
https://github.com/apache/openwhisk-apigateway,FALSE
https://github.com/apache/phoenix,FALSE
https://github.com/apache/servicecomb-pack,FALSE
https://github.com/apcesk/MyBlog,FALSE
https://github.com/apereira91/covid19,FALSE
https://github.com/apertium/apertium-apy,FALSE
https://github.com/APGRoboCop/podbot_mm,FALSE
https://github.com/apigeeks-com/a6s-k8s-keycloak-manager,FALSE
https://github.com/apirak/visible-property,FALSE
https://github.com/Apocalypsor/dorado,FALSE
https://github.com/apollographql/apollo-android,FALSE
https://github.com/apollographql/apollo-client,FALSE
https://github.com/apollographql/apollo-ios,FALSE
https://github.com/apollographql/apollo-tooling,FALSE
https://github.com/apologeticaly/lichtman2020,FALSE
https://github.com/apoorvanand/Winds,FALSE
https://github.com/appcelerator/appc-daemon,FALSE
https://github.com/appcrashwin7/Cataclysm-DDA,FALSE
https://github.com/Appdynamics/support_report,FALSE
https://github.com/appirio-tech/arena-web,FALSE
https://github.com/appium/java-client,FALSE
https://github.com/appium/ruby_lib_core,FALSE
https://github.com/apple/swift-argument-parser,FALSE
https://github.com/AppleIntelWifi/device-logs,FALSE
https://github.com/application-stacks/service-binding-specification,FALSE
https://github.com/appliedsciencestudio/deps-library,FALSE
https://github.com/ApprenticeBoy/Holle-Word,FALSE
https://github.com/apps/sider,FALSE
https://github.com/AppServidor/hometome,FALSE
https://github.com/appsody/stacks,FALSE
https://github.com/appu1232/guyamoe,FALSE
https://github.com/Apress/applied-reinforcement-learning-w-python,FALSE
https://github.com/aprpr66q/electron,FALSE
https://github.com/aqilfiqran/Our-Daily-Activity,FALSE
https://github.com/aquariuslt/lighthouse-plugin-md5,FALSE
https://github.com/aquynh/capstone,FALSE
https://github.com/arafatadiham/OnlineNewGitPractice2019,FALSE
https://github.com/AraHaan/cpython,FALSE
https://github.com/AraHaan/git-sdk-64,FALSE
https://github.com/arai-a/smoosh-sync,FALSE
https://github.com/araucanosland/Galvarino,FALSE
https://github.com/aravindballa/website2017,FALSE
https://github.com/araz1826/OnlineNewGitPractice2019,FALSE
https://github.com/arborx/ArborX,FALSE
https://github.com/arcalos-environments/environment-vs-pr-330-1arc-dev,FALSE
https://github.com/Arch1mk/coronatrackerapi,FALSE
https://github.com/Arch666Angel/mods,FALSE
https://github.com/architus/archit.us,FALSE
https://github.com/archriss/react-native-snap-carousel,FALSE
https://github.com/arcman7/pysc2,FALSE
https://github.com/ArduPilot/pymavlink,FALSE
https://github.com/area17/twill,FALSE
https://github.com/Arecobaleno/NewsRecSys-myself,FALSE
https://github.com/ares-network/ares-core,FALSE
https://github.com/Argent-T/Buy-or-Sell-Stuff,FALSE
https://github.com/argoproj/argo-cd,FALSE
https://github.com/aria-music/aria-web,FALSE
https://github.com/arianvc/ethereum_analysis,FALSE
https://github.com/ariasdg/sesion5-Github,FALSE
https://github.com/aribornstein/CoronaFaceMaskDetectionTFJS,FALSE
https://github.com/aristanetworks/ansible-cvp,FALSE
https://github.com/Arithmetics/history,FALSE
https://github.com/Ariz-Xendit/xendit-trial,FALSE
https://github.com/arjndr/itunes-albumart,FALSE
https://github.com/arjunmanevannan/github-slideshow,FALSE
https://github.com/arkadiyt/bounty-targets,FALSE
https://github.com/arkency/posts,FALSE
https://github.com/arkits/smarthome-dashboard,FALSE
https://github.com/arlac77/hinted-tree-merger,FALSE
https://github.com/arlac77/npm-template-sync,FALSE
https://github.com/armando-andre/gatsby-personal-portfolio,FALSE
https://github.com/armink/EasyLogger,FALSE
https://github.com/Armor-cn/nest-cloud-music-api,FALSE
https://github.com/armujahid/reactnd-project-myreads,FALSE
https://github.com/arnaud-zg/keystone,FALSE
https://github.com/arnaud-zg/next-seo,FALSE
https://github.com/arnaud-zg/react-lightsaber,FALSE
https://github.com/arnoldthebat/chromiumos,FALSE
https://github.com/arpnetworks/blog,FALSE
https://github.com/Arquisoft/viade_en3b,FALSE
https://github.com/arr-ai/arrai,FALSE
https://github.com/arroyo/cmsutil,FALSE
https://github.com/arta-tm/fa-normalize,FALSE
https://github.com/artefactual/archivematica,FALSE
https://github.com/Arteha/admin-bro-typeorm,FALSE
https://github.com/artemalikov/pong,FALSE
https://github.com/ArthurCadena/Poemas,FALSE
https://github.com/arthurkushman/pgo,FALSE
https://github.com/arthurlirui/vnpy,FALSE
https://github.com/ARTHURPC03/Be-The-Hero,FALSE
https://github.com/arthurpsmith/author-disambiguator,FALSE
https://github.com/arthwang/vsc-prolog,FALSE
https://github.com/artic-network/artic-ncov2019,FALSE
https://github.com/ArtixZ/scrapy_billboard,FALSE
https://github.com/artthurz/codesales,FALSE
https://github.com/ArturasAcus/GeometricAlgebra,FALSE
https://github.com/ArturFedorov/af,FALSE
https://github.com/Arturoo0/Weather-tracker-,FALSE
https://github.com/aruniverse/wbpk,FALSE
https://github.com/ARXChrono/gatsby,FALSE
https://github.com/Arzurian/proyectoSymfony,FALSE
https://github.com/ASankaran/core,FALSE
https://github.com/asatosi69/ticket_app,FALSE
https://github.com/ascillato/Tasmota_KNX,FALSE
https://github.com/asebvila92/Call-Notifications,FALSE
https://github.com/AshDarkfold/leaderboards-dsc,FALSE
https://github.com/ashishb/adb-enhanced,FALSE
https://github.com/Ashkanthegreat/Battleship,FALSE
https://github.com/AshleyWright/metalsmith-projects,FALSE
https://github.com/AshnikBiz/smsws,FALSE
https://github.com/Ashutosh-Adhikari/pytorch-maml-rl,FALSE
https://github.com/asiamorozova/gram,FALSE
https://github.com/asiekierka/UnlimitedChiselWorks,FALSE
https://github.com/Askadias/ssr-test,FALSE
https://github.com/asmerkin/slideform,FALSE
https://github.com/aspnet/websdk,FALSE
https://github.com/aspnetboilerplate/aspnetboilerplate,FALSE
https://github.com/aSquare14/Sentiment-Analysis-Of-Movie-Reviews,FALSE
https://github.com/ASSET-IO/asset,FALSE
https://github.com/ASSETLID/Aych.gitbook,FALSE
https://github.com/asset-pipe/asset-pipe-sink-gcs,FALSE
https://github.com/assuncaocharles/ngx-indexed-db,FALSE
https://github.com/assuncaocharles/telefone-mask-ng2,FALSE
https://github.com/asticode/go-astilectron,FALSE
https://github.com/astra-toolbox/astra-toolbox,FALSE
https://github.com/AstroHuntsman/obs_huntsman,FALSE
https://github.com/asuite/iron,FALSE
https://github.com/asundust/laravel_pay_demo,FALSE
https://github.com/asungy/Sungos,FALSE
https://github.com/asyncapi/enterprise-patterns,FALSE
https://github.com/async-aws/aws,FALSE
https://github.com/AsyncHttpClient/async-http-client,FALSE
https://github.com/AsynkronIT/protoactor-dotnet,FALSE
https://github.com/ASzot/rl-framework,FALSE
https://github.com/atbasu/deep-reinforcement-learning-collaboration-and-competition,FALSE
https://github.com/atc-project/atc-response,FALSE
https://github.com/Atem18/kmdotnet,FALSE
https://github.com/ATFutures/gtfs-router,FALSE
https://github.com/athenaml/athena,FALSE
https://github.com/atk1213/algorithm_practice,FALSE
https://github.com/AtlasOfLivingAustralia/bie-plugin,FALSE
https://github.com/atlassian/stricter,FALSE
https://github.com/atom/node-keytar,FALSE
https://github.com/Atomic-BRKZ/Fundamentos-de-Programaci-n,FALSE
https://github.com/AtomicLoans/agent,FALSE
https://github.com/atomistic-machine-learning/schnetpack,FALSE
https://github.com/ATON396/NewFaskApp,FALSE
https://github.com/atorch/cnn_land_cover,FALSE
https://github.com/atsuya-koshida/bulk-hisrory,FALSE
https://github.com/attendanceproject/djattendance,FALSE
https://github.com/Attnam/ivan,FALSE
https://github.com/atuline/ASLSK-Scenarios,FALSE
https://github.com/atxwebs/relay,FALSE
https://github.com/atyoshimatsu/energy_cost_simulator,FALSE
https://github.com/aubreymoore/wiki,FALSE
https://github.com/Aubyn92/portfolio-project,FALSE
https://github.com/AudaciousInquiry/saner-ig,FALSE
https://github.com/AudioKit/AudioKitSynthOne,FALSE
https://github.com/AudiusProject/audius-protocol,FALSE
https://github.com/audreyr/favicon-cheat-sheet,FALSE
https://github.com/AugurProject/augur,FALSE
https://github.com/AugustoConti/smart-open-space,FALSE
https://github.com/auncel/diff-dom-core,FALSE
https://github.com/aurelia/validation,FALSE
https://github.com/AURESANTA/symfonycards,FALSE
https://github.com/aurimasniekis/scheduler-bundle,FALSE
https://github.com/Aurorastation/Web-Interface,FALSE
https://github.com/AuroraWright/Luma3DS,FALSE
https://github.com/AusCovid19/covid19-aus-flights,FALSE
https://github.com/AustinCodingAcademy/TicTacToe-101,FALSE
https://github.com/austintrose/dependabot-test,FALSE
https://github.com/auth0/Lock.swift,FALSE
https://github.com/authdog/next-login-app,FALSE
https://github.com/authelia/authelia,FALSE
https://github.com/autodl-community/autodl-irssi,FALSE
https://github.com/Automattic/vip,FALSE
https://github.com/automutate/automutate,FALSE
https://github.com/autopkg/n8felton-recipes,FALSE
https://github.com/autotester-one/staging-integration-tests-1584835985282,FALSE
https://github.com/autotester-one/staging-integration-tests-1584836872792,FALSE
https://github.com/autotester-one/staging-integration-tests-1584839574973,FALSE
https://github.com/autotester-one/staging-integration-tests-1584840474405,FALSE
https://github.com/autotester-one/staging-integration-tests-1584840685038,FALSE
https://github.com/autotester-one/staging-integration-tests-1584845109405,FALSE
https://github.com/autotester-one/staging-integration-tests-1584846990056,FALSE
https://github.com/autotester-one/staging-integration-tests-1584850510702,FALSE
https://github.com/autotester-one/staging-integration-tests-1584855005970,FALSE
https://github.com/autotester-one/staging-integration-tests-1584856674271,FALSE
https://github.com/autotester-one/staging-integration-tests-1584857581015,FALSE
https://github.com/autotester-one/staging-integration-tests-1585526425270,FALSE
https://github.com/autotester-one/staging-integration-tests-1585527191465,FALSE
https://github.com/autotester-one/staging-integration-tests-1585528226035,FALSE
https://github.com/autotester-one/staging-integration-tests-1585529875701,FALSE
https://github.com/autotester-one/staging-integration-tests-1585532575065,FALSE
https://github.com/autotester-one/staging-integration-tests-1585532710306,FALSE
https://github.com/autotester-one/staging-integration-tests-1585614620528,FALSE
https://github.com/autotester-one/staging-integration-tests-1585701038741,FALSE
https://github.com/autotester-one/staging-integration-tests-1585701123372,FALSE
https://github.com/autotester-one/staging-integration-tests-1585789092951,FALSE
https://github.com/Auxyys/drp_customs,FALSE
https://github.com/avaire/avaire,FALSE
https://github.com/avauthey/pro14,FALSE
https://github.com/aveferrum/angular-material-demo,FALSE
https://github.com/Avens666/BaidunNetDisk-script,FALSE
https://github.com/avi-beetul/Papertrail_log,FALSE
https://github.com/avid-dz/public-relations-web-app,FALSE
https://github.com/avirambh/ScopeFlow,FALSE
https://github.com/avnkashyap/github-slideshow,FALSE
https://github.com/avocado-framework/avocado,FALSE
https://github.com/AvraamMavridis/vsc-sort-react,FALSE
https://github.com/avwx-rest/avwx-engine,FALSE
https://github.com/awakahisa/166HW4,FALSE
https://github.com/Awakenedy/vim,FALSE
https://github.com/awalsh0517/hazy-calculator,FALSE
https://github.com/awatson23/Ontario_Archaeology_Museum-AR,FALSE
https://github.com/aweihe00/project3,FALSE
https://github.com/awesome-academy/open-ruby-2019-movie-viewer,FALSE
https://github.com/awesome-gocui/gocui,FALSE
https://github.com/awinogradov/cra-ssr-boilerplate,FALSE
https://github.com/aws/amazon-freertos,FALSE
https://github.com/aws/amazon-states-language-service,FALSE
https://github.com/aws/amazon-vpc-cni-k8s,FALSE
https://github.com/aws/aws-sdk-ruby,FALSE
https://github.com/aws/aws-toolkit-vscode,FALSE
https://github.com/aws/chalice,FALSE
https://github.com/aws-actions/amazon-ecs-deploy-task-definition,FALSE
https://github.com/aws-actions/aws-codebuild-run-build,FALSE
https://github.com/aws-amplify/amplify-ios,FALSE
https://github.com/aws-amplify/amplify-js,FALSE
https://github.com/awsdocs/aws-cdk-guide,FALSE
https://github.com/awslabs/aws-embedded-metrics-node,FALSE
https://github.com/awslabs/video-on-demand-on-aws,FALSE
https://github.com/aws-robotics/aws-robomaker-sample-application-deepracer,FALSE
https://github.com/aws-samples/amazon-chime-sdk-recording-demo,FALSE
https://github.com/awssat/laravel-blade-audit,FALSE
https://github.com/axa-group/nlp.js,FALSE
https://github.com/axaq/webvr-helper,FALSE
https://github.com/axe312ger/gatsby-plugin-netlify-cache,FALSE
https://github.com/axelbol/school-management-laravel,FALSE
https://github.com/axel-download-accelerator/axel,FALSE
https://github.com/axelerant/db-docker,FALSE
https://github.com/axetroy/anti-redirect,FALSE
https://github.com/axetroy/lazy-image,FALSE
https://github.com/axetroy/marquee,FALSE
https://github.com/axh2018/hexo_blog,FALSE
https://github.com/AY1920S2-CS2103T-W13-1/main,FALSE
https://github.com/AY1920S2-CS2103T-W13-2/main,FALSE
https://github.com/AY1920S2-CS2103T-W16-1/main,FALSE
https://github.com/AY1920S2-CS2103T-W16-4/main,FALSE
https://github.com/AY1920S2-CS2103T-W17-2/main,FALSE
https://github.com/AY1920S2-CS2103-W14-2/main,FALSE
https://github.com/AY1920S2-CS2113-T14-2/tp,FALSE
https://github.com/AY1920S2-CS2113T-T12-2/tp,FALSE
https://github.com/AY1920S2-CS2113T-T13-1/tp,FALSE
https://github.com/ayame30/legco-nextjs,FALSE
https://github.com/AYCH-IO/Aych,FALSE
https://github.com/AYCH-ORG/Aych,FALSE
https://github.com/AYCHPlus/AYCHPlus.github.io,FALSE
https://github.com/aykutyakan/sampleik,FALSE
https://github.com/aymericdamien/TensorFlow-Examples,FALSE
https://github.com/ayonious/my-npm-packages-tester,FALSE
https://github.com/ayubowan/selft_tracking_app,FALSE
https://github.com/Ayush23Dash/Alumni_Management_System,FALSE
https://github.com/Ayush23Dash/Secrets102,FALSE
https://github.com/ayyshim/esewa_pnp,FALSE
https://github.com/AzalKhan/T_Protal,FALSE
https://github.com/azap-tech/azap-app,FALSE
https://github.com/azatecas/portfolio-backend,FALSE
https://github.com/azatoth/twinkle,FALSE
https://github.com/azor40k/herokudeploy,FALSE
https://github.com/azor40k/symfonytodo,FALSE
https://github.com/AzuraCast/AzuraCast,FALSE
https://github.com/Azure/Azure-AppServices-Diagnostics,FALSE
https://github.com/Azure/azure-libraries-for-net,FALSE
https://github.com/Azure/azure-resource-manager-schemas,FALSE
https://github.com/Azure/sonic-buildimage,FALSE
https://github.com/AzureMentor/azure-docs,FALSE
https://github.com/Azure-Samples/azure-iot-edge-devops-sample-dotnet,FALSE
https://github.com/B3Partners/b3p-commons-gis,FALSE
https://github.com/B3Partners/flamingo-ibis,FALSE
https://github.com/B3Partners/imro-harvester,FALSE
https://github.com/B3Partners/kadaster-gds2,FALSE
https://github.com/B3Partners/playbase-service,FALSE
https://github.com/B3Partners/securityfilter-b3p,FALSE
https://github.com/babel/website,FALSE
https://github.com/babelouest/glewlwyd,FALSE
https://github.com/babelshift/SDL2-CS,FALSE
https://github.com/bab-surya/bab-surya.github.io,FALSE
https://github.com/Backpack-Technologies/W-D-Prediction,FALSE
https://github.com/BackToTheStars/Section6_REST_API,FALSE
https://github.com/backtrace-labs/backtrace-morgue,FALSE
https://github.com/backup-ajk/kurniawan-alvin-techtask-frontend,FALSE
https://github.com/bahadirsemra/GitPracticeFall2019,FALSE
https://github.com/kcolford/blackarch,TRUE
https://github.com/meedan/check-api,TRUE
https://github.com/commixproject/commix,TRUE
https://github.com/HL7/fhir-mCODE-ig,TRUE
https://github.com/HL7/fhir-security-label-ds4p,TRUE
https://github.com/danielberman79/goof,TRUE
https://github.com/grpc/grpc-node,TRUE
https://github.com/TonyYouhu/Hellojava,TRUE
https://github.com/rapid7/insightconnect-plugins,TRUE
https://github.com/einheit/maia_mailguard_1.04a,TRUE
https://github.com/microsoft/microsoft-ui-xaml,TRUE
https://github.com/NodeBB/NodeBB,TRUE
https://github.com/garbas/nvim-config,TRUE
https://github.com/ThibautSF/ParadoxosModManagerRework,TRUE
https://github.com/FONZACUS/processhacker,TRUE
https://github.com/dotnet/project-system,TRUE
https://github.com/pyinstaller/pyinstaller,TRUE
https://github.com/qilingframework/qiling,TRUE
https://github.com/threat9/routersploit,TRUE
https://github.com/mozilla/addons-linter,TRUE
https://github.com/neoclide/coc.nvim,TRUE
https://github.com/domoticz/domoticz,TRUE
https://github.com/secure-software-engineering/FlowDroid,TRUE
https://github.com/andyholmes/gnome-shell-extension-gsconnect,TRUE
https://github.com/image-rs/image-png,TRUE
https://github.com/cars/lab-vsphere-packer-templates,TRUE
https://github.com/cftexukeqin/mxonline,TRUE
https://github.com/ministryofjustice/opg-digideps,TRUE
https://github.com/zolex/rautavistik,TRUE
https://github.com/cds-snc/report-a-cybercrime,TRUE
https://github.com/xiaokang00010/xiaokang00010.github.io,TRUE
https://github.com/AFLplusplus/AFLplusplus,TRUE
https://github.com/redcanaryco/atomic-red-team,TRUE
https://github.com/rednek46/BlockTheSpot,TRUE
https://github.com/queen-of-code/DotnetModelFuzzing,TRUE
https://github.com/AlessandroZ/LaZagne,TRUE
https://github.com/leecher1337/ntvdmx64,TRUE
https://github.com/ucsb-seclab/packware,TRUE
https://github.com/hashicorp/vagrant-installers,TRUE
https://github.com/XploitWizer/XploitSPY,TRUE
https://github.com/ao-libre/ao-server,TRUE
https://github.com/BC-SECURITY/Empire,TRUE
https://github.com/mitre-attack/evals_caldera,TRUE
https://github.com/SpamScope/mail-parser,TRUE
https://github.com/security-geeks/maltrail,TRUE
https://github.com/supremethememe/supreme-executer,TRUE
https://github.com/syscl/XPS9350-macOS,TRUE
https://github.com/cs-utcn-groups/2-dsa,TRUE
https://github.com/ArchStrike/ArchStrike,TRUE
https://github.com/splunk/attack_range,TRUE
https://github.com/bebasid/bebasid,TRUE
https://github.com/BlackHacker511/BlackNET,TRUE
https://github.com/borfirbora/borfirbora.github.io,TRUE
https://github.com/fengjixuchui/cheat-engine,TRUE
https://github.com/cuckoosandbox/cuckoo,TRUE
https://github.com/Whitetigerswt/gtasa_crashfix,TRUE
https://github.com/ShiSheng233/How_to_Fxxk_Weilei_s_Server,TRUE
https://github.com/igraph/igraph,TRUE
https://github.com/LevPasha/Instagram-bot-cs,TRUE
https://github.com/Ramos-dev/jniwebshell,TRUE
https://github.com/fengjixuchui/Ladon,TRUE
https://github.com/Mailu/Mailu,TRUE
https://github.com/hardware/mailserver,TRUE
https://github.com/r00t-3xp10it/meterpeter,TRUE
https://github.com/UbuntuEvangelist/postal,TRUE
https://github.com/carlospolop/privilege-escalation-awesome-scripts-suite,TRUE
https://github.com/tiagorlampert/sAINT,TRUE
https://github.com/us3r/sigma,TRUE
https://github.com/1DavidCarbon/Soapbox_Launcher_Installer,TRUE
https://github.com/OISF/suricata-verify,TRUE
https://github.com/ceramicskate0/SWELF,TRUE
https://github.com/JairoBoss/ULSA-C,TRUE
https://github.com/puppylinux-woof-CE/woof-CE,TRUE
https://github.com/wurstscript/WurstScript,TRUE
https://github.com/xmrig/xmrig,TRUE
https://github.com/RepoBackup/xuexiqiangguo,TRUE
https://github.com/vokins/yhosts,TRUE
https://github.com/engineer-man/youtube,TRUE
https://github.com/ZcashFoundation/zecwallet,TRUE
https://github.com/takkii/zinbei,TRUE
